id,age,gender,race,sexuality,chartType,actualValue,perceivedValue,error,time
1549937542855,22,female,asian,no,pieChart,52,50,1.0874628412503393,5581
1549937542855,22,female,asian,no,roseChart,84,80,2.0443941193584534,12013
1549937542855,22,female,asian,no,barChart,0,0,0,9442
1549937542855,22,female,asian,no,roseChart,25,6,4.257387842692652,28831
1549937542855,22,female,asian,no,barChart,24,33,3.189824558880017,3173
1549937542855,22,female,asian,no,roseChart,37,20,4.098032082960526,11018
1549937542855,22,female,asian,no,roseChart,95,100,2.357552004618084,3754
1549937542855,22,female,asian,no,roseChart,34,25,3.189824558880017,8620
1549937542855,22,female,asian,no,pieChart,15,20,2.357552004618084,5236
1549937542855,22,female,asian,no,pieChart,26,20,2.6147098441152083,6499
1549937542855,22,female,asian,no,pieChart,86,95,3.189824558880017,5899
1549937542855,22,female,asian,no,barChart,17,20,1.6438561897747248,3651
1549937542855,22,female,asian,no,roseChart,80,95,3.9188632372745946,8150
1549937542855,22,female,asian,no,pieChart,69,85,4.011227255423254,6706
1549937542855,22,female,asian,no,pieChart,68,85,4.098032082960526,3093
1549937542855,22,female,asian,no,pieChart,47,50,1.6438561897747248,2927
1549937542855,22,female,asian,no,pieChart,80,90,3.3398500028846247,3524
1549937542855,22,female,asian,no,barChart,70,6,6.002815015607054,19222
1549937542855,22,female,asian,no,barChart,56,60,2.0443941193584534,4312
1549937542855,22,female,asian,no,pieChart,31,20,3.4757334309663976,4613
1549937542855,22,female,asian,no,roseChart,11,0,3.4757334309663976,3809
1549937542855,22,female,asian,no,barChart,95,40,5.7846348455575205,4681
1549937542855,22,female,asian,no,roseChart,35,20,3.9188632372745946,16744
1549937542855,22,female,asian,no,roseChart,59,30,4.864186144654281,5662
1549937542855,22,female,asian,no,pieChart,60,60,0,9740
1549937542855,22,female,asian,no,roseChart,4,0,2.0443941193584534,4111
1549937542855,22,female,asian,no,barChart,53,50,1.6438561897747248,5755
1549937542855,22,female,asian,no,roseChart,62,40,4.467605550082998,3711
1549937542855,22,female,asian,no,roseChart,98,100,1.0874628412503393,3814
1549937542855,22,female,asian,no,pieChart,74,60,3.820178962415188,3584
1549937542855,22,female,asian,no,pieChart,73,30,5.430452551665532,3998
1549937542855,22,female,asian,no,pieChart,88,100,3.599912842187128,4550
1549937542855,22,female,asian,no,pieChart,80,80,0,46099
1549937542855,22,female,asian,no,pieChart,92,100,3.0223678130284544,61335
1549937542855,22,female,asian,no,barChart,45,50,2.357552004618084,18901
1549937542855,22,female,asian,no,barChart,59,17,5.396604781181859,11067
1549937542855,22,female,asian,no,barChart,75,80,2.357552004618084,29825
1549937542855,22,female,asian,no,barChart,1,2,0.16992500144231237,5502
1549937542855,22,female,asian,no,pieChart,55,60,2.357552004618084,4073
1549937542855,22,female,asian,no,barChart,79,90,3.4757334309663976,10345
1549937542855,22,female,asian,no,roseChart,73,80,2.8328900141647417,11448
1549937542855,22,female,asian,no,pieChart,80,80,0,12983
1549937542855,22,female,asian,no,barChart,62,60,1.0874628412503393,6082
1549937542855,22,female,asian,no,barChart,60,6,5.7582232147267245,24311
1549937542855,22,female,asian,no,pieChart,58,50,3.0223678130284544,8101
1549937542855,22,female,asian,no,pieChart,91,100,3.189824558880017,19529
1549937542855,22,female,asian,no,pieChart,30,30,0,4185
1549937542855,22,female,asian,no,barChart,82,80,1.0874628412503393,11743
1549937542855,22,female,asian,no,roseChart,80,80,0,7533
1549937542855,22,female,asian,no,barChart,50,50,0,2970
1549937542855,22,female,asian,no,roseChart,4,0,2.0443941193584534,4687
1549937542855,22,female,asian,no,roseChart,0,0,0,3282
1549937542855,22,female,asian,no,roseChart,84,70,3.820178962415188,4478
1549937542855,22,female,asian,no,roseChart,89,100,3.4757334309663976,5850
1549937542855,22,female,asian,no,roseChart,73,60,3.7142455176661224,47867
1549937542855,22,female,asian,no,roseChart,3,1,1.0874628412503393,12132
1549937542855,22,female,asian,no,barChart,27,25,1.0874628412503393,3834
1549937542855,22,female,asian,no,barChart,76,80,2.0443941193584534,11870
1549937542855,22,female,asian,no,barChart,46,50,2.0443941193584534,5381
1549937542855,22,female,asian,no,barChart,86,90,2.0443941193584534,8173
1549935955945,21,female,asian,no,pieChart,85,82,1.6438561897747248,49080
1549935955945,21,female,asian,no,roseChart,17,10,2.8328900141647417,108469
1549935955945,21,female,asian,no,pieChart,2,5,1.6438561897747248,8615
1549935955945,21,female,asian,no,pieChart,37,45,3.0223678130284544,13571
1549935955945,21,female,asian,no,barChart,61,70,3.189824558880017,10277
1549935955945,21,female,asian,no,roseChart,91,90,0.16992500144231237,11753
1549935955945,21,female,asian,no,barChart,60,65,2.357552004618084,12506
1549935955945,21,female,asian,no,pieChart,64,75,3.4757334309663976,10013
1549935955945,21,female,asian,no,pieChart,40,40,0,6594
1549935955945,21,female,asian,no,pieChart,25,30,2.357552004618084,15940
1549935955945,21,female,asian,no,pieChart,97,100,1.6438561897747248,4219
1549935955945,21,female,asian,no,pieChart,69,75,2.6147098441152083,7010
1549935955945,21,female,asian,no,roseChart,86,75,3.4757334309663976,10322
1549935955945,21,female,asian,no,barChart,69,75,2.6147098441152083,9273
1549935955945,21,female,asian,no,barChart,11,16,2.357552004618084,8196
1549935955945,21,female,asian,no,pieChart,55,45,3.3398500028846247,8485
1549935955945,21,female,asian,no,roseChart,62,45,4.098032082960526,19835
1549935955945,21,female,asian,no,pieChart,52,50,1.0874628412503393,3424
1549935955945,21,female,asian,no,roseChart,20,11,3.189824558880017,8019
1549935955945,21,female,asian,no,roseChart,20,10,3.3398500028846247,5511
1549935955945,21,female,asian,no,barChart,34,33,0.16992500144231237,5374
1549935955945,21,female,asian,no,barChart,39,30,3.189824558880017,7449
1549935955945,21,female,asian,no,pieChart,22,20,1.0874628412503393,5147
1549935955945,21,female,asian,no,roseChart,33,16,4.098032082960526,6622
1549935955945,21,female,asian,no,roseChart,55,45,3.3398500028846247,6093
1549935955945,21,female,asian,no,barChart,29,30,0.16992500144231237,4873
1549935955945,21,female,asian,no,roseChart,70,50,4.330916878114617,4355
1549935955945,21,female,asian,no,pieChart,0,5,2.357552004618084,17237
1549935955945,21,female,asian,no,barChart,20,16,2.0443941193584534,9049
1549935955945,21,female,asian,no,barChart,81,82,0.16992500144231237,9615
1549935955945,21,female,asian,no,pieChart,6,9,1.6438561897747248,6939
1549935955945,21,female,asian,no,barChart,57,55,1.0874628412503393,5954
1549935955945,21,female,asian,no,pieChart,79,80,0.16992500144231237,5116
1549935955945,21,female,asian,no,barChart,28,40,3.599912842187128,7180
1549935955945,21,female,asian,no,barChart,97,98,0.16992500144231237,6264
1549935955945,21,female,asian,no,barChart,54,55,0.16992500144231237,7047
1549935955945,21,female,asian,no,barChart,26,25,0.16992500144231237,8173
1549935955945,21,female,asian,no,roseChart,21,10,3.4757334309663976,10188
1549935955945,21,female,asian,no,barChart,22,25,1.6438561897747248,4683
1549935955945,21,female,asian,no,roseChart,56,40,4.011227255423254,5292
1549935955945,21,female,asian,no,roseChart,4,0,2.0443941193584534,13372
1549935955945,21,female,asian,no,pieChart,96,100,2.0443941193584534,3759
1549935955945,21,female,asian,no,barChart,60,65,2.357552004618084,4110
1549935955945,21,female,asian,no,pieChart,2,20,4.1799090900149345,3719
1549935955945,21,female,asian,no,roseChart,8,4,2.0443941193584534,7970
1549935955945,21,female,asian,no,pieChart,77,95,4.1799090900149345,3729
1549935955945,21,female,asian,no,barChart,24,25,0.16992500144231237,3799
1549935955945,21,female,asian,no,pieChart,70,80,3.3398500028846247,3440
1549935955945,21,female,asian,no,barChart,58,65,2.8328900141647417,3973
1549935955945,21,female,asian,no,roseChart,81,85,2.0443941193584534,5475
1549935955945,21,female,asian,no,roseChart,57,40,4.098032082960526,4071
1549935955945,21,female,asian,no,roseChart,1,0,0.16992500144231237,4461
1549935955945,21,female,asian,no,barChart,71,75,2.0443941193584534,7101
1549935955945,21,female,asian,no,roseChart,9,5,2.0443941193584534,4526
1549935955945,21,female,asian,no,barChart,56,55,0.16992500144231237,3651
1549935955945,21,female,asian,no,pieChart,99,100,0.16992500144231237,3135
1549935955945,21,female,asian,no,pieChart,35,38,1.6438561897747248,6197
1549935955945,21,female,asian,no,roseChart,89,85,2.0443941193584534,8401
1549935955945,21,female,asian,no,roseChart,55,45,3.3398500028846247,5698
1549935955945,21,female,asian,no,roseChart,23,11,3.599912842187128,6883
1549938478721,22,female,asian,no,roseChart,28,10,4.1799090900149345,45904
1549938478721,22,female,asian,no,pieChart,88,90,1.0874628412503393,15150
1549938478721,22,female,asian,no,barChart,48,50,1.0874628412503393,3353
1549938478721,22,female,asian,no,pieChart,53,70,4.098032082960526,7360
1549938478721,22,female,asian,no,pieChart,39,50,3.4757334309663976,4354
1549938478721,22,female,asian,no,pieChart,73,90,4.098032082960526,4844
1549938478721,22,female,asian,no,pieChart,54,70,4.011227255423254,4279
1549938478721,22,female,asian,no,barChart,25,30,2.357552004618084,3490
1549938478721,22,female,asian,no,roseChart,50,0,5.647458426454921,15048
1549938478721,22,female,asian,no,roseChart,95,100,2.357552004618084,3540
1549938478721,22,female,asian,no,roseChart,34,5,4.864186144654281,3306
1549938478721,22,female,asian,no,roseChart,37,10,4.7615512324444795,5331
1549938478721,22,female,asian,no,pieChart,86,90,2.0443941193584534,7830
1549938478721,22,female,asian,no,roseChart,54,60,2.6147098441152083,10789
1549938478721,22,female,asian,no,roseChart,47,40,2.8328900141647417,7056
1549938478721,22,female,asian,no,roseChart,68,30,5.252665432450248,3711
1549938478721,22,female,asian,no,pieChart,20,10,3.3398500028846247,5218
1549938478721,22,female,asian,no,roseChart,91,89,1.0874628412503393,5229
1549938478721,22,female,asian,no,barChart,81,90,3.189824558880017,6293
1549938478721,22,female,asian,no,barChart,45,50,2.357552004618084,2257
1549938478721,22,female,asian,no,pieChart,80,70,3.3398500028846247,4295
1549938478721,22,female,asian,no,roseChart,16,1,3.9188632372745946,3041
1549938478721,22,female,asian,no,pieChart,66,60,2.6147098441152083,7148
1549938478721,22,female,asian,no,roseChart,21,5,4.011227255423254,5702
1549938478721,22,female,asian,no,pieChart,59,60,0.16992500144231237,4932
1549938478721,22,female,asian,no,roseChart,32,30,1.0874628412503393,4926
1549938478721,22,female,asian,no,pieChart,1,1,0,3722
1549938478721,22,female,asian,no,roseChart,3,1,1.0874628412503393,2449
1549938478721,22,female,asian,no,pieChart,100,100,0,3119
1549938478721,22,female,asian,no,pieChart,11,3,3.0223678130284544,2677
1549938478721,22,female,asian,no,roseChart,63,70,2.8328900141647417,4714
1549938478721,22,female,asian,no,pieChart,40,1,5.290018846932618,40066
1549938478721,22,female,asian,no,barChart,15,1,3.820178962415188,2106
1549938478721,22,female,asian,no,barChart,44,3,5.361943773735241,2341
1549938478721,22,female,asian,no,pieChart,25,30,2.357552004618084,6189
1549938478721,22,female,asian,no,roseChart,33,10,4.531381460516312,2886
1549938478721,22,female,asian,no,barChart,67,70,1.6438561897747248,4983
1549938478721,22,female,asian,no,roseChart,0,10,3.3398500028846247,2930
1549938478721,22,female,asian,no,barChart,71,70,0.16992500144231237,3291
1549938478721,22,female,asian,no,pieChart,61,80,4.257387842692652,2349
1549938478721,22,female,asian,no,pieChart,83,90,2.8328900141647417,7476
1549938478721,22,female,asian,no,barChart,74,85,3.4757334309663976,7896
1549938478721,22,female,asian,no,roseChart,31,43,3.599912842187128,8298
1549938478721,22,female,asian,no,pieChart,60,50,3.3398500028846247,3950
1549938478721,22,female,asian,no,roseChart,20,3,4.098032082960526,2314
1549938478721,22,female,asian,no,pieChart,92,100,3.0223678130284544,6102
1549938478721,22,female,asian,no,barChart,59,56,1.6438561897747248,4492
1549938478721,22,female,asian,no,barChart,47,56,3.189824558880017,3295
1549938478721,22,female,asian,no,pieChart,32,50,4.1799090900149345,2918
1549938478721,22,female,asian,no,barChart,60,55,2.357552004618084,5550
1549938478721,22,female,asian,no,roseChart,62,50,3.599912842187128,2966
1549938478721,22,female,asian,no,roseChart,53,50,1.6438561897747248,2358
1549938478721,22,female,asian,no,barChart,17,30,3.7142455176661224,6317
1549938478721,22,female,asian,no,barChart,85,90,2.357552004618084,5889
1549938478721,22,female,asian,no,barChart,70,73,1.6438561897747248,2981
1549938478721,22,female,asian,no,barChart,92,97,2.357552004618084,7230
1549938478721,22,female,asian,no,barChart,38,43,2.357552004618084,4683
1549938478721,22,female,asian,no,barChart,57,76,4.257387842692652,5182
1549938478721,22,female,asian,no,barChart,79,70,3.189824558880017,4773
1549938478721,22,female,asian,no,barChart,83,98,3.9188632372745946,10755
1549939137071,21,female,asian,no,pieChart,87,95,3.0223678130284544,41785
1549939137071,21,female,asian,no,roseChart,70,90,4.330916878114617,11273
1549939137071,21,female,asian,no,roseChart,97,98,0.16992500144231237,4880
1549939137071,21,female,asian,no,pieChart,70,85,3.9188632372745946,4536
1549939137071,21,female,asian,no,roseChart,5,15,3.3398500028846247,38104
1549939137071,21,female,asian,no,roseChart,39,10,4.864186144654281,41171
1549939137071,21,female,asian,no,barChart,22,20,1.0874628412503393,10400
1549939137071,21,female,asian,no,roseChart,96,95,0.16992500144231237,9242
1549939137071,21,female,asian,no,roseChart,96,98,1.0874628412503393,6757
1549939137071,21,female,asian,no,pieChart,73,90,4.098032082960526,10081
1549939137071,21,female,asian,no,barChart,53,50,1.6438561897747248,9272
1549939137071,21,female,asian,no,pieChart,19,20,0.16992500144231237,23218
1549939137071,21,female,asian,no,roseChart,42,25,4.098032082960526,8589
1549939137071,21,female,asian,no,pieChart,88,90,1.0874628412503393,6133
1549939137071,21,female,asian,no,pieChart,30,35,2.357552004618084,9692
1549939137071,21,female,asian,no,roseChart,56,35,4.400879436282184,11654
1549939137071,21,female,asian,no,roseChart,49,15,5.092757140919852,19958
1549939137071,21,female,asian,no,barChart,53,55,1.0874628412503393,9355
1549939137071,21,female,asian,no,roseChart,32,10,4.467605550082998,13155
1549939137071,21,female,asian,no,barChart,22,25,1.6438561897747248,10109
1549939137071,21,female,asian,no,roseChart,55,45,3.3398500028846247,29910
1549939137071,21,female,asian,no,roseChart,46,16,4.912889336229962,21569
1549939137071,21,female,asian,no,roseChart,57,45,3.599912842187128,10748
1549939137071,21,female,asian,no,barChart,81,85,2.0443941193584534,15733
1549939137071,21,female,asian,no,roseChart,38,14,4.592457037268081,28886
1549939137071,21,female,asian,no,barChart,30,29,0.16992500144231237,11295
1549939137071,21,female,asian,no,pieChart,36,30,2.6147098441152083,12409
1549939137071,21,female,asian,no,barChart,17,20,1.6438561897747248,11051
1549939137071,21,female,asian,no,pieChart,46,50,2.0443941193584534,25310
1549939137071,21,female,asian,no,barChart,79,80,0.16992500144231237,9947
1549939137071,21,female,asian,no,pieChart,68,88,4.330916878114617,4772
1549939137071,21,female,asian,no,roseChart,54,26,4.813781191217037,6620
1549939137071,21,female,asian,no,roseChart,30,8,4.467605550082998,50969
1549939137071,21,female,asian,no,roseChart,86,95,3.189824558880017,5578
1549939137071,21,female,asian,no,roseChart,81,75,2.6147098441152083,4449
1549939137071,21,female,asian,no,roseChart,28,5,4.531381460516312,13594
1549939137071,21,female,asian,no,roseChart,38,13,4.651051691178929,16778
1549939137071,21,female,asian,no,pieChart,60,30,4.912889336229962,6097
1549939137071,21,female,asian,no,pieChart,13,16,1.6438561897747248,12210
1549939137071,21,female,asian,no,barChart,100,100,0,4996
1549939137071,21,female,asian,no,barChart,72,65,2.8328900141647417,6569
1549939137071,21,female,asian,no,pieChart,23,22,0.16992500144231237,15674
1549939137071,21,female,asian,no,barChart,94,98,2.0443941193584534,4233
1549939137071,21,female,asian,no,pieChart,22,21,0.16992500144231237,16351
1549939137071,21,female,asian,no,pieChart,33,60,4.7615512324444795,16487
1549939137071,21,female,asian,no,pieChart,39,49,3.3398500028846247,9726
1549939137071,21,female,asian,no,pieChart,64,64,0,9046
1549939137071,21,female,asian,no,barChart,11,16,2.357552004618084,14217
1549939137071,21,female,asian,no,pieChart,8,12,2.0443941193584534,9389
1549939137071,21,female,asian,no,barChart,61,65,2.0443941193584534,7525
1549939137071,21,female,asian,no,barChart,59,68,3.189824558880017,6745
1549939137071,21,female,asian,no,pieChart,56,75,4.257387842692652,11445
1549939137071,21,female,asian,no,barChart,94,98,2.0443941193584534,6431
1549939137071,21,female,asian,no,barChart,29,33,2.0443941193584534,6293
1549939137071,21,female,asian,no,barChart,28,33,2.357552004618084,5887
1549939137071,21,female,asian,no,barChart,84,82,1.0874628412503393,7778
1549939137071,21,female,asian,no,pieChart,94,100,2.6147098441152083,7597
1549939137071,21,female,asian,no,barChart,19,22,1.6438561897747248,8717
1549939137071,21,female,asian,no,pieChart,82,86,2.0443941193584534,7526
1549939137071,21,female,asian,no,barChart,81,88,2.8328900141647417,14817
1550011478983,21,female,other,yes,pieChart,87,78,3.189824558880017,24587
1550011478983,21,female,other,yes,roseChart,81,76,2.357552004618084,62056
1550011478983,21,female,other,yes,barChart,85,91,2.6147098441152083,11217
1550011478983,21,female,other,yes,pieChart,52,49,1.6438561897747248,7580
1550011478983,21,female,other,yes,pieChart,77,86,3.189824558880017,18477
1550011478983,21,female,other,yes,pieChart,38,38,0,7091
1550011478983,21,female,other,yes,pieChart,33,35,1.0874628412503393,19030
1550011478983,21,female,other,yes,roseChart,36,19,4.098032082960526,21448
1550011478983,21,female,other,yes,pieChart,77,83,2.6147098441152083,9722
1550011478983,21,female,other,yes,roseChart,65,52,3.7142455176661224,14463
1550011478983,21,female,other,yes,barChart,37,28,3.189824558880017,13697
1550011478983,21,female,other,yes,pieChart,31,31,0,11549
1550011478983,21,female,other,yes,roseChart,50,29,4.400879436282184,14679
1550011478983,21,female,other,yes,roseChart,48,19,4.864186144654281,5873
1550011478983,21,female,other,yes,roseChart,97,95,1.0874628412503393,9739
1550011478983,21,female,other,yes,pieChart,39,43,2.0443941193584534,9504
1550011478983,21,female,other,yes,pieChart,86,86,0,5748
1550011478983,21,female,other,yes,barChart,83,91,3.0223678130284544,13744
1550011478983,21,female,other,yes,roseChart,57,33,4.592457037268081,5029
1550011478983,21,female,other,yes,barChart,95,97,1.0874628412503393,7786
1550011478983,21,female,other,yes,pieChart,50,47,1.6438561897747248,5961
1550011478983,21,female,other,yes,pieChart,58,67,3.189824558880017,7827
1550011478983,21,female,other,yes,barChart,91,98,2.8328900141647417,5424
1550011478983,21,female,other,yes,roseChart,87,93,2.6147098441152083,8163
1550011478983,21,female,other,yes,barChart,71,73,1.0874628412503393,5503
1550011478983,21,female,other,yes,pieChart,4,14,3.3398500028846247,4877
1550011478983,21,female,other,yes,pieChart,20,23,1.6438561897747248,3943
1550011478983,21,female,other,yes,roseChart,83,78,2.357552004618084,3847
1550011478983,21,female,other,yes,roseChart,40,19,4.400879436282184,5477
1550011478983,21,female,other,yes,barChart,96,89,2.8328900141647417,3592
1550011478983,21,female,other,yes,roseChart,91,93,1.0874628412503393,5465
1550011478983,21,female,other,yes,pieChart,51,47,2.0443941193584534,9750
1550011478983,21,female,other,yes,pieChart,24,26,1.0874628412503393,5218
1550011478983,21,female,other,yes,barChart,18,16,1.0874628412503393,5273
1550011478983,21,female,other,yes,barChart,60,64,2.0443941193584534,8335
1550011478983,21,female,other,yes,pieChart,90,90,0,6399
1550011478983,21,female,other,yes,roseChart,74,26,5.588714635582264,7142
1550011478983,21,female,other,yes,pieChart,14,16,1.0874628412503393,5123
1550011478983,21,female,other,yes,pieChart,64,62,1.0874628412503393,8667
1550011478983,21,female,other,yes,barChart,0,0,0,15991
1550011478983,21,female,other,yes,roseChart,23,17,2.6147098441152083,8828
1550011478983,21,female,other,yes,roseChart,99,92,2.8328900141647417,7846
1550011478983,21,female,other,yes,barChart,36,28,3.0223678130284544,4844
1550011478983,21,female,other,yes,pieChart,30,29,0.16992500144231237,6235
1550011478983,21,female,other,yes,roseChart,27,78,5.675957032941749,9732
1550011478983,21,female,other,yes,pieChart,85,84,0.16992500144231237,9075
1550011478983,21,female,other,yes,roseChart,100,85,3.9188632372745946,4387
1550011478983,21,female,other,yes,roseChart,55,47,3.0223678130284544,17251
1550011478983,21,female,other,yes,barChart,41,37,2.0443941193584534,3717
1550011478983,21,female,other,yes,barChart,63,61,1.0874628412503393,5477
1550011478983,21,female,other,yes,barChart,3,8,2.357552004618084,4838
1550011478983,21,female,other,yes,roseChart,41,27,3.820178962415188,7520
1550011478983,21,female,other,yes,roseChart,53,33,4.330916878114617,5245
1550011478983,21,female,other,yes,roseChart,6,1,2.357552004618084,12374
1550011478983,21,female,other,yes,barChart,13,9,2.0443941193584534,6566
1550011478983,21,female,other,yes,barChart,44,43,0.16992500144231237,10991
1550011478983,21,female,other,yes,barChart,98,93,2.357552004618084,5136
1550011478983,21,female,other,yes,barChart,46,47,0.16992500144231237,5709
1550011478983,21,female,other,yes,barChart,94,86,3.0223678130284544,8438
1550011478983,21,female,other,yes,barChart,19,21,1.0874628412503393,5993
1550012144859,18,female,white,yes,roseChart,59,33,4.7073591320808825,82842
1550012144859,18,female,white,yes,barChart,24,25,0.16992500144231237,15091
1550012144859,18,female,white,yes,pieChart,60,85,4.651051691178929,13553
1550012144859,18,female,white,yes,barChart,56,75,4.257387842692652,19363
1550012144859,18,female,white,yes,pieChart,52,66,3.820178962415188,23131
1550012144859,18,female,white,yes,pieChart,25,20,2.357552004618084,11640
1550012144859,18,female,white,yes,roseChart,97,100,1.6438561897747248,51239
1550012144859,18,female,white,yes,barChart,46,40,2.6147098441152083,17558
1550012144859,18,female,white,yes,roseChart,66,60,2.6147098441152083,19091
1550012144859,18,female,white,yes,barChart,27,30,1.6438561897747248,5570
1550012144859,18,female,white,yes,pieChart,52,70,4.1799090900149345,15373
1550012144859,18,female,white,yes,barChart,41,35,2.6147098441152083,19264
1550012144859,18,female,white,yes,pieChart,41,80,5.290018846932618,6059
1550012144859,18,female,white,yes,pieChart,24,25,0.16992500144231237,10111
1550012144859,18,female,white,yes,roseChart,90,90,0,6250
1550012144859,18,female,white,yes,barChart,61,65,2.0443941193584534,21741
1550012144859,18,female,white,yes,pieChart,8,25,4.098032082960526,29765
1550012144859,18,female,white,yes,barChart,66,33,5.049848549450561,9671
1550012144859,18,female,white,yes,barChart,24,20,2.0443941193584534,15843
1550012144859,18,female,white,yes,roseChart,100,100,0,6012
1550012144859,18,female,white,yes,barChart,58,60,1.0874628412503393,11896
1550012144859,18,female,white,yes,barChart,95,96,0.16992500144231237,7469
1550012144859,18,female,white,yes,barChart,46,50,2.0443941193584534,15016
1550012144859,18,female,white,yes,pieChart,79,85,2.6147098441152083,12590
1550012144859,18,female,white,yes,pieChart,52,75,4.531381460516312,12103
1550012144859,18,female,white,yes,roseChart,31,20,3.4757334309663976,8390
1550012144859,18,female,white,yes,barChart,37,35,1.0874628412503393,10706
1550012144859,18,female,white,yes,roseChart,63,50,3.7142455176661224,7974
1550012144859,18,female,white,yes,roseChart,77,70,2.8328900141647417,13272
1550012144859,18,female,white,yes,pieChart,40,40,0,9470
1550012144859,18,female,white,yes,pieChart,3,12,3.189824558880017,5656
1550012144859,18,female,white,yes,roseChart,22,15,2.8328900141647417,5602
1550012144859,18,female,white,yes,barChart,39,36,1.6438561897747248,10495
1550012144859,18,female,white,yes,pieChart,44,55,3.4757334309663976,7773
1550012144859,18,female,white,yes,pieChart,11,15,2.0443941193584534,12653
1550012144859,18,female,white,yes,roseChart,31,33,1.0874628412503393,7164
1550012144859,18,female,white,yes,barChart,96,96,0,6781
1550012144859,18,female,white,yes,pieChart,42,89,5.5584207132686645,7203
1550012144859,18,female,white,yes,pieChart,90,100,3.3398500028846247,11711
1550012144859,18,female,white,yes,barChart,20,20,0,13839
1550012144859,18,female,white,yes,roseChart,91,100,3.189824558880017,3682
1550012144859,18,female,white,yes,roseChart,12,12,0,4700
1550012144859,18,female,white,yes,pieChart,61,60,0.16992500144231237,7562
1550012144859,18,female,white,yes,barChart,85,40,5.495855026887171,10907
1550012144859,18,female,white,yes,roseChart,21,15,2.6147098441152083,8301
1550012144859,18,female,white,yes,barChart,97,96,0.16992500144231237,4808
1550012144859,18,female,white,yes,roseChart,12,10,1.0874628412503393,9519
1550012144859,18,female,white,yes,roseChart,87,98,3.4757334309663976,6399
1550012144859,18,female,white,yes,pieChart,61,87,4.7073591320808825,8896
1550012144859,18,female,white,yes,pieChart,93,100,2.8328900141647417,3700
1550012144859,18,female,white,yes,pieChart,98,99,0.16992500144231237,4451
1550012144859,18,female,white,yes,barChart,45,56,3.4757334309663976,8323
1550012144859,18,female,white,yes,pieChart,32,30,1.0874628412503393,9484
1550012144859,18,female,white,yes,roseChart,78,80,1.0874628412503393,9475
1550012144859,18,female,white,yes,roseChart,96,95,0.16992500144231237,6328
1550012144859,18,female,white,yes,roseChart,53,45,3.0223678130284544,4910
1550012144859,18,female,white,yes,roseChart,78,70,3.0223678130284544,9203
1550012144859,18,female,white,yes,roseChart,15,93,6.28771237954945,7193
1550012144859,18,female,white,yes,barChart,59,60,0.16992500144231237,12393
1550012144859,18,female,white,yes,barChart,37,33,2.0443941193584534,9311
1550012953146,20,male,asian,decline,pieChart,70,66,2.0443941193584534,62421
1550012953146,20,male,asian,decline,pieChart,4,7,1.6438561897747248,8734
1550012953146,20,male,asian,decline,barChart,31,27,2.0443941193584534,6990
1550012953146,20,male,asian,decline,barChart,85,85,0,6591
1550012953146,20,male,asian,decline,roseChart,51,50,0.16992500144231237,26379
1550012953146,20,male,asian,decline,roseChart,63,75,3.599912842187128,11368
1550012953146,20,male,asian,decline,pieChart,94,100,2.6147098441152083,5258
1550012953146,20,male,asian,decline,pieChart,31,25,2.6147098441152083,9504
1550012953146,20,male,asian,decline,roseChart,92,100,3.0223678130284544,4661
1550012953146,20,male,asian,decline,roseChart,20,10,3.3398500028846247,4642
1550012953146,20,male,asian,decline,pieChart,50,50,0,4788
1550012953146,20,male,asian,decline,pieChart,84,95,3.4757334309663976,26897
1550012953146,20,male,asian,decline,barChart,80,80,0,6057
1550012953146,20,male,asian,decline,barChart,29,25,2.0443941193584534,5193
1550012953146,20,male,asian,decline,barChart,9,15,2.6147098441152083,4320
1550012953146,20,male,asian,decline,pieChart,76,67,3.189824558880017,9388
1550012953146,20,male,asian,decline,pieChart,59,55,2.0443941193584534,8452
1550012953146,20,male,asian,decline,roseChart,1,0,0.16992500144231237,21323
1550012953146,20,male,asian,decline,roseChart,79,73,2.6147098441152083,11465
1550012953146,20,male,asian,decline,pieChart,32,33,0.16992500144231237,4137
1550012953146,20,male,asian,decline,roseChart,86,85,0.16992500144231237,7853
1550012953146,20,male,asian,decline,roseChart,24,13,3.4757334309663976,5152
1550012953146,20,male,asian,decline,roseChart,9,4,2.357552004618084,6738
1550012953146,20,male,asian,decline,roseChart,5,2,1.6438561897747248,9812
1550012953146,20,male,asian,decline,pieChart,91,100,3.189824558880017,3159
1550012953146,20,male,asian,decline,pieChart,88,75,3.7142455176661224,19774
1550012953146,20,male,asian,decline,pieChart,16,10,2.6147098441152083,5399
1550012953146,20,male,asian,decline,roseChart,75,83,3.0223678130284544,5134
1550012953146,20,male,asian,decline,barChart,70,80,3.3398500028846247,13495
1550012953146,20,male,asian,decline,pieChart,95,98,1.6438561897747248,4364
1550012953146,20,male,asian,decline,pieChart,77,89,3.599912842187128,4407
1550012953146,20,male,asian,decline,barChart,38,32,2.6147098441152083,7970
1550012953146,20,male,asian,decline,roseChart,95,96,0.16992500144231237,6300
1550012953146,20,male,asian,decline,pieChart,88,81,2.8328900141647417,7718
1550012953146,20,male,asian,decline,roseChart,27,7,4.330916878114617,11027
1550012953146,20,male,asian,decline,pieChart,46,49,1.6438561897747248,5125
1550012953146,20,male,asian,decline,barChart,97,98,0.16992500144231237,4808
1550012953146,20,male,asian,decline,roseChart,56,47,3.189824558880017,7120
1550012953146,20,male,asian,decline,barChart,76,79,1.6438561897747248,8117
1550012953146,20,male,asian,decline,barChart,80,87,2.8328900141647417,4978
1550012953146,20,male,asian,decline,roseChart,2,0,1.0874628412503393,2561
1550012953146,20,male,asian,decline,barChart,19,13,2.6147098441152083,6962
1550012953146,20,male,asian,decline,pieChart,27,20,2.8328900141647417,6120
1550012953146,20,male,asian,decline,roseChart,40,17,4.531381460516312,36299
1550012953146,20,male,asian,decline,roseChart,40,20,4.330916878114617,4803
1550012953146,20,male,asian,decline,barChart,0,0,0,1723
1550012953146,20,male,asian,decline,roseChart,59,50,3.189824558880017,4757
1550012953146,20,male,asian,decline,barChart,73,80,2.8328900141647417,4087
1550012953146,20,male,asian,decline,pieChart,24,19,2.357552004618084,5795
1550012953146,20,male,asian,decline,roseChart,48,43,2.357552004618084,8401
1550012953146,20,male,asian,decline,barChart,10,11,0.16992500144231237,5490
1550012953146,20,male,asian,decline,pieChart,21,21,0,15195
1550012953146,20,male,asian,decline,pieChart,6,9,1.6438561897747248,6785
1550012953146,20,male,asian,decline,barChart,72,73,0.16992500144231237,10282
1550012953146,20,male,asian,decline,barChart,89,87,1.0874628412503393,6756
1550012953146,20,male,asian,decline,barChart,22,17,2.357552004618084,6678
1550012953146,20,male,asian,decline,roseChart,98,91,2.8328900141647417,5436
1550012953146,20,male,asian,decline,barChart,2,5,1.6438561897747248,5681
1550012953146,20,male,asian,decline,barChart,75,77,1.0874628412503393,4438
1550012953146,20,male,asian,decline,barChart,78,84,2.6147098441152083,4036
1550013578610,18,female,white,no,barChart,57,60,1.6438561897747248,27277
1550013578610,18,female,white,no,roseChart,39,25,3.820178962415188,34074
1550013578610,18,female,white,no,pieChart,38,50,3.599912842187128,7303
1550013578610,18,female,white,no,roseChart,0,0,0,28351
1550013578610,18,female,white,no,roseChart,64,90,4.7073591320808825,38990
1550013578610,18,female,white,no,barChart,15,10,2.357552004618084,34610
1550013578610,18,female,white,no,roseChart,89,90,0.16992500144231237,4439
1550013578610,18,female,white,no,barChart,51,50,0.16992500144231237,7834
1550013578610,18,female,white,no,barChart,68,90,4.467605550082998,10909
1550013578610,18,female,white,no,roseChart,44,33,3.4757334309663976,23874
1550013578610,18,female,white,no,pieChart,64,66,1.0874628412503393,15328
1550013578610,18,female,white,no,pieChart,10,10,0,6167
1550013578610,18,female,white,no,roseChart,92,90,1.0874628412503393,5493
1550013578610,18,female,white,no,pieChart,1,5,2.0443941193584534,21608
1550013578610,18,female,white,no,pieChart,87,100,3.7142455176661224,6281
1550013578610,18,female,white,no,barChart,68,80,3.599912842187128,20126
1550013578610,18,female,white,no,barChart,65,75,3.3398500028846247,32097
1550013578610,18,female,white,no,barChart,6,10,2.0443941193584534,23023
1550013578610,18,female,white,no,barChart,60,60,0,6303
1550013578610,18,female,white,no,pieChart,43,33,3.3398500028846247,3242
1550013578610,18,female,white,no,roseChart,87,100,3.7142455176661224,3250
1550013578610,18,female,white,no,pieChart,53,50,1.6438561897747248,2857
1550013578610,18,female,white,no,roseChart,24,20,2.0443941193584534,5407
1550013578610,18,female,white,no,roseChart,25,20,2.357552004618084,3928
1550013578610,18,female,white,no,pieChart,33,50,4.098032082960526,2861
1550013578610,18,female,white,no,barChart,49,75,4.7073591320808825,4691
1550013578610,18,female,white,no,roseChart,95,100,2.357552004618084,4847
1550013578610,18,female,white,no,barChart,24,33,3.189824558880017,4067
1550013578610,18,female,white,no,barChart,22,20,1.0874628412503393,29486
1550013578610,18,female,white,no,roseChart,33,33,0,4357
1550013578610,18,female,white,no,barChart,53,50,1.6438561897747248,4029
1550013578610,18,female,white,no,barChart,25,75,5.647458426454921,29029
1550013578610,18,female,white,no,pieChart,76,66,3.3398500028846247,4499
1550013578610,18,female,white,no,pieChart,54,50,2.0443941193584534,3907
1550013578610,18,female,white,no,pieChart,24,33,3.189824558880017,7113
1550013578610,18,female,white,no,roseChart,80,70,3.3398500028846247,4178
1550013578610,18,female,white,no,roseChart,80,100,4.330916878114617,2756
1550013578610,18,female,white,no,pieChart,31,33,1.0874628412503393,2631
1550013578610,18,female,white,no,roseChart,37,33,2.0443941193584534,3747
1550013578610,18,female,white,no,barChart,65,60,2.357552004618084,4852
1550013578610,18,female,white,no,barChart,9,10,0.16992500144231237,4786
1550013578610,18,female,white,no,pieChart,68,50,4.1799090900149345,2350
1550013578610,18,female,white,no,pieChart,24,33,3.189824558880017,3201
1550013578610,18,female,white,no,roseChart,7,6,0.16992500144231237,3079
1550013578610,18,female,white,no,pieChart,21,33,3.599912842187128,2510
1550013578610,18,female,white,no,roseChart,72,80,3.0223678130284544,6018
1550013578610,18,female,white,no,pieChart,9,22,3.7142455176661224,10402
1550013578610,18,female,white,no,barChart,92,90,1.0874628412503393,3631
1550013578610,18,female,white,no,barChart,0,0,0,2020
1550013578610,18,female,white,no,roseChart,76,80,2.0443941193584534,3457
1550013578610,18,female,white,no,roseChart,42,33,3.189824558880017,4963
1550013578610,18,female,white,no,roseChart,30,33,1.6438561897747248,2616
1550013578610,18,female,white,no,pieChart,20,20,0,4495
1550013578610,18,female,white,no,pieChart,37,33,2.0443941193584534,5564
1550013578610,18,female,white,no,barChart,26,25,0.16992500144231237,11281
1550013578610,18,female,white,no,barChart,2,5,1.6438561897747248,8563
1550013578610,18,female,white,no,roseChart,17,2,3.9188632372745946,4608
1550013578610,18,female,white,no,pieChart,12,10,1.0874628412503393,11180
1550013578610,18,female,white,no,pieChart,52,50,1.0874628412503393,4257
1550013578610,18,female,white,no,barChart,88,90,1.0874628412503393,4065
1550014404589,20,male,asian,no,barChart,8,5,1.6438561897747248,83096
1550014404589,20,male,asian,no,roseChart,96,90,2.6147098441152083,73056
1550014404589,20,male,asian,no,barChart,76,60,4.011227255423254,31573
1550014404589,20,male,asian,no,barChart,82,75,2.8328900141647417,4374
1550014404589,20,male,asian,no,pieChart,14,10,2.0443941193584534,29511
1550014404589,20,male,asian,no,barChart,24,25,0.16992500144231237,11941
1550014404589,20,male,asian,no,roseChart,89,95,2.6147098441152083,15748
1550014404589,20,male,asian,no,barChart,96,99,1.6438561897747248,6114
1550014404589,20,male,asian,no,pieChart,55,50,2.357552004618084,10784
1550014404589,20,male,asian,no,pieChart,47,50,1.6438561897747248,17003
1550014404589,20,male,asian,no,pieChart,8,10,1.0874628412503393,14764
1550014404589,20,male,asian,no,barChart,8,10,1.0874628412503393,4204
1550014404589,20,male,asian,no,pieChart,63,45,4.1799090900149345,7477
1550014404589,20,male,asian,no,roseChart,16,12,2.0443941193584534,26042
1550014404589,20,male,asian,no,barChart,77,70,2.8328900141647417,6616
1550014404589,20,male,asian,no,roseChart,9,15,2.6147098441152083,7879
1550014404589,20,male,asian,no,roseChart,37,15,4.467605550082998,9122
1550014404589,20,male,asian,no,roseChart,14,5,3.189824558880017,8826
1550014404589,20,male,asian,no,barChart,98,99,0.16992500144231237,4033
1550014404589,20,male,asian,no,pieChart,46,40,2.6147098441152083,7072
1550014404589,20,male,asian,no,pieChart,52,50,1.0874628412503393,4930
1550014404589,20,male,asian,no,roseChart,14,0,3.820178962415188,6703
1550014404589,20,male,asian,no,roseChart,17,5,3.599912842187128,5894
1550014404589,20,male,asian,no,roseChart,68,50,4.1799090900149345,6242
1550014404589,20,male,asian,no,roseChart,39,35,2.0443941193584534,16152
1550014404589,20,male,asian,no,pieChart,88,75,3.7142455176661224,3934
1550014404589,20,male,asian,no,pieChart,67,60,2.8328900141647417,3726
1550014404589,20,male,asian,no,barChart,54,50,2.0443941193584534,3463
1550014404589,20,male,asian,no,pieChart,77,80,1.6438561897747248,4374
1550014404589,20,male,asian,no,barChart,87,85,1.0874628412503393,5022
1550014404589,20,male,asian,no,pieChart,41,50,3.189824558880017,6629
1550014404589,20,male,asian,no,roseChart,30,15,3.9188632372745946,6562
1550014404589,20,male,asian,no,roseChart,2,0,1.0874628412503393,14317
1550014404589,20,male,asian,no,pieChart,22,10,3.599912842187128,8793
1550014404589,20,male,asian,no,pieChart,27,15,3.599912842187128,2453
1550014404589,20,male,asian,no,barChart,38,35,1.6438561897747248,4241
1550014404589,20,male,asian,no,barChart,76,40,5.174925682500679,3378
1550014404589,20,male,asian,no,roseChart,73,65,3.0223678130284544,5741
1550014404589,20,male,asian,no,roseChart,47,30,4.098032082960526,5724
1550014404589,20,male,asian,no,barChart,4,5,0.16992500144231237,11766
1550014404589,20,male,asian,no,barChart,11,15,2.0443941193584534,2561
1550014404589,20,male,asian,no,roseChart,24,10,3.820178962415188,7486
1550014404589,20,male,asian,no,roseChart,48,20,4.813781191217037,6300
1550014404589,20,male,asian,no,roseChart,36,10,4.7073591320808825,4283
1550014404589,20,male,asian,no,pieChart,82,85,1.6438561897747248,5834
1550014404589,20,male,asian,no,barChart,28,33,2.357552004618084,3514
1550014404589,20,male,asian,no,barChart,65,66,0.16992500144231237,2846
1550014404589,20,male,asian,no,pieChart,38,33,2.357552004618084,9256
1550014404589,20,male,asian,no,roseChart,38,25,3.7142455176661224,6392
1550014404589,20,male,asian,no,roseChart,28,20,3.0223678130284544,4461
1550014404589,20,male,asian,no,pieChart,16,15,0.16992500144231237,3445
1550014404589,20,male,asian,no,roseChart,91,70,4.400879436282184,8180
1550014404589,20,male,asian,no,barChart,76,75,0.16992500144231237,9505
1550014404589,20,male,asian,no,barChart,18,20,1.0874628412503393,6686
1550014404589,20,male,asian,no,pieChart,72,70,1.0874628412503393,6342
1550014404589,20,male,asian,no,pieChart,57,66,3.189824558880017,6976
1550014404589,20,male,asian,no,pieChart,81,10,6.152284842306582,3852
1550014404589,20,male,asian,no,pieChart,58,50,3.0223678130284544,5325
1550014404589,20,male,asian,no,barChart,55,50,2.357552004618084,15506
1550014404589,20,male,asian,no,barChart,98,99,0.16992500144231237,4448
1550015079538,30,male,asian,no,barChart,75,80,2.357552004618084,16479
1550015079538,30,male,asian,no,barChart,50,50,0,6549
1550015079538,30,male,asian,no,barChart,31,30,0.16992500144231237,6262
1550015079538,30,male,asian,no,roseChart,64,100,5.174925682500679,17330
1550015079538,30,male,asian,no,pieChart,86,70,4.011227255423254,8942
1550015079538,30,male,asian,no,pieChart,100,100,0,4466
1550015079538,30,male,asian,no,barChart,11,10,0.16992500144231237,7742
1550015079538,30,male,asian,no,pieChart,51,40,3.4757334309663976,9232
1550015079538,30,male,asian,no,pieChart,73,50,4.531381460516312,4098
1550015079538,30,male,asian,no,pieChart,45,30,3.9188632372745946,3895
1550015079538,30,male,asian,no,barChart,76,85,3.189824558880017,5468
1550015079538,30,male,asian,no,pieChart,58,50,3.0223678130284544,4114
1550015079538,30,male,asian,no,pieChart,91,100,3.189824558880017,4760
1550015079538,30,male,asian,no,barChart,60,66,2.6147098441152083,6001
1550015079538,30,male,asian,no,barChart,27,33,2.6147098441152083,4574
1550015079538,30,male,asian,no,roseChart,42,70,4.813781191217037,6589
1550015079538,30,male,asian,no,barChart,26,25,0.16992500144231237,4936
1550015079538,30,male,asian,no,pieChart,29,25,2.0443941193584534,6901
1550015079538,30,male,asian,no,barChart,91,85,2.6147098441152083,5369
1550015079538,30,male,asian,no,roseChart,35,50,3.9188632372745946,5826
1550015079538,30,male,asian,no,roseChart,65,70,2.357552004618084,6758
1550015079538,30,male,asian,no,roseChart,38,70,5.005624549193878,6923
1550015079538,30,male,asian,no,barChart,32,30,1.0874628412503393,3436
1550015079538,30,male,asian,no,barChart,62,60,1.0874628412503393,4987
1550015079538,30,male,asian,no,roseChart,83,100,4.098032082960526,5582
1550015079538,30,male,asian,no,pieChart,25,20,2.357552004618084,7528
1550015079538,30,male,asian,no,barChart,69,75,2.6147098441152083,4257
1550015079538,30,male,asian,no,pieChart,72,50,4.467605550082998,4490
1550015079538,30,male,asian,no,roseChart,45,80,5.134426320220926,5798
1550015079538,30,male,asian,no,roseChart,88,100,3.599912842187128,3006
1550015079538,30,male,asian,no,roseChart,6,60,5.7582232147267245,14256
1550015079538,30,male,asian,no,roseChart,25,70,5.495855026887171,11369
1550015079538,30,male,asian,no,barChart,55,65,3.3398500028846247,7047
1550015079538,30,male,asian,no,pieChart,27,20,2.8328900141647417,6142
1550015079538,30,male,asian,no,roseChart,42,90,5.588714635582264,5126
1550015079538,30,male,asian,no,roseChart,41,100,5.885696373339395,5040
1550015079538,30,male,asian,no,roseChart,22,80,5.861086905995394,6298
1550015079538,30,male,asian,no,roseChart,90,80,3.3398500028846247,5406
1550015079538,30,male,asian,no,barChart,14,12,1.0874628412503393,13821
1550015079538,30,male,asian,no,pieChart,78,90,3.599912842187128,5307
1550015079538,30,male,asian,no,pieChart,56,50,2.6147098441152083,13566
1550015079538,30,male,asian,no,barChart,61,75,3.820178962415188,5583
1550015079538,30,male,asian,no,barChart,41,50,3.189824558880017,5244
1550015079538,30,male,asian,no,pieChart,87,100,3.7142455176661224,3858
1550015079538,30,male,asian,no,barChart,44,50,2.6147098441152083,4043
1550015079538,30,male,asian,no,roseChart,52,95,5.430452551665532,6167
1550015079538,30,male,asian,no,barChart,17,15,1.0874628412503393,6091
1550015079538,30,male,asian,no,pieChart,13,10,1.6438561897747248,5035
1550015079538,30,male,asian,no,pieChart,58,50,3.0223678130284544,5353
1550015079538,30,male,asian,no,barChart,88,85,1.6438561897747248,3332
1550015079538,30,male,asian,no,barChart,67,50,4.098032082960526,7077
1550015079538,30,male,asian,no,pieChart,32,30,1.0874628412503393,20667
1550015079538,30,male,asian,no,roseChart,30,100,6.1318569606087925,3743
1550015079538,30,male,asian,no,pieChart,89,100,3.4757334309663976,5392
1550015079538,30,male,asian,no,pieChart,71,75,2.0443941193584534,9844
1550015079538,30,male,asian,no,roseChart,100,100,0,5379
1550015079538,30,male,asian,no,roseChart,74,100,4.7073591320808825,4085
1550015079538,30,male,asian,no,pieChart,89,90,0.16992500144231237,5100
1550015079538,30,male,asian,no,roseChart,88,100,3.599912842187128,4054
1550015079538,30,male,asian,no,roseChart,33,90,5.836050355058069,7486
1550021246742,22,male,white,no,barChart,48,51,1.6438561897747248,14224
1550021246742,22,male,white,no,pieChart,3,5,1.0874628412503393,11469
1550021246742,22,male,white,no,pieChart,54,70,4.011227255423254,10519
1550021246742,22,male,white,no,pieChart,28,35,2.8328900141647417,12150
1550021246742,22,male,white,no,barChart,19,18,0.16992500144231237,5998
1550021246742,22,male,white,no,roseChart,14,5,3.189824558880017,9413
1550021246742,22,male,white,no,barChart,26,26,0,6771
1550021246742,22,male,white,no,pieChart,91,97,2.6147098441152083,6069
1550021246742,22,male,white,no,roseChart,47,20,4.7615512324444795,13772
1550021246742,22,male,white,no,pieChart,56,40,4.011227255423254,4347
1550021246742,22,male,white,no,roseChart,64,40,4.592457037268081,3735
1550021246742,22,male,white,no,pieChart,91,89,1.0874628412503393,4510
1550021246742,22,male,white,no,roseChart,92,92,0,7266
1550021246742,22,male,white,no,roseChart,61,60,0.16992500144231237,7670
1550021246742,22,male,white,no,roseChart,68,40,4.813781191217037,16287
1550021246742,22,male,white,no,barChart,83,85,1.0874628412503393,4229
1550021246742,22,male,white,no,barChart,53,55,1.0874628412503393,3911
1550021246742,22,male,white,no,roseChart,55,30,4.651051691178929,10699
1550021246742,22,male,white,no,pieChart,8,10,1.0874628412503393,4984
1550021246742,22,male,white,no,roseChart,73,80,2.8328900141647417,9057
1550021246742,22,male,white,no,barChart,50,99,5.618385502258606,3252
1550021246742,22,male,white,no,pieChart,95,99,2.0443941193584534,2693
1550021246742,22,male,white,no,barChart,52,60,3.0223678130284544,4179
1550021246742,22,male,white,no,barChart,1,3,1.0874628412503393,5098
1550021246742,22,male,white,no,pieChart,24,25,0.16992500144231237,6181
1550021246742,22,male,white,no,barChart,59,50,3.189824558880017,3835
1550021246742,22,male,white,no,roseChart,72,40,5.005624549193878,7984
1550021246742,22,male,white,no,pieChart,86,80,2.6147098441152083,11636
1550021246742,22,male,white,no,roseChart,18,10,3.0223678130284544,4280
1550021246742,22,male,white,no,roseChart,15,90,6.231221180711185,7210
1550021246742,22,male,white,no,roseChart,79,60,4.257387842692652,21810
1550021246742,22,male,white,no,barChart,44,50,2.6147098441152083,4939
1550021246742,22,male,white,no,roseChart,72,60,3.599912842187128,9329
1550021246742,22,male,white,no,pieChart,21,15,2.6147098441152083,4621
1550021246742,22,male,white,no,barChart,95,97,1.0874628412503393,3598
1550021246742,22,male,white,no,pieChart,2,20,4.1799090900149345,5243
1550021246742,22,male,white,no,roseChart,51,20,4.960001932068081,5296
1550021246742,22,male,white,no,roseChart,6,10,2.0443941193584534,4533
1550021246742,22,male,white,no,roseChart,35,10,4.651051691178929,10423
1550021246742,22,male,white,no,pieChart,52,30,4.467605550082998,3836
1550021246742,22,male,white,no,barChart,63,55,3.0223678130284544,3273
1550021246742,22,male,white,no,pieChart,85,90,2.357552004618084,6134
1550021246742,22,male,white,no,barChart,0,1,0.16992500144231237,7436
1550021246742,22,male,white,no,barChart,56,60,2.0443941193584534,18092
1550021246742,22,male,white,no,roseChart,16,10,2.6147098441152083,4203
1550021246742,22,male,white,no,roseChart,89,90,0.16992500144231237,6693
1550021246742,22,male,white,no,barChart,21,20,0.16992500144231237,5970
1550021246742,22,male,white,no,roseChart,11,10,0.16992500144231237,8732
1550021246742,22,male,white,no,roseChart,98,90,3.0223678130284544,4000
1550021246742,22,male,white,no,barChart,56,60,2.0443941193584534,4101
1550021246742,22,male,white,no,barChart,19,15,2.0443941193584534,5464
1550021246742,22,male,white,no,barChart,17,10,2.8328900141647417,4596
1550021246742,22,male,white,no,pieChart,60,89,4.864186144654281,6475
1550021246742,22,male,white,no,pieChart,60,50,3.3398500028846247,5448
1550021246742,22,male,white,no,pieChart,52,30,4.467605550082998,5944
1550021246742,22,male,white,no,barChart,70,80,3.3398500028846247,4977
1550021246742,22,male,white,no,pieChart,20,20,0,7506
1550021246742,22,male,white,no,pieChart,17,15,1.0874628412503393,3792
1550021246742,22,male,white,no,pieChart,80,89,3.189824558880017,5347
1550021246742,22,male,white,no,barChart,33,30,1.6438561897747248,4269
1550089054724,22,male,other,no,roseChart,34,15,4.257387842692652,41648
1550089054724,22,male,other,no,barChart,33,35,1.0874628412503393,23963
1550089054724,22,male,other,no,barChart,53,60,2.8328900141647417,3947
1550089054724,22,male,other,no,pieChart,64,80,4.011227255423254,6585
1550089054724,22,male,other,no,roseChart,3,2,0.16992500144231237,22818
1550089054724,22,male,other,no,pieChart,62,55,2.8328900141647417,5724
1550089054724,22,male,other,no,pieChart,23,15,3.0223678130284544,4044
1550089054724,22,male,other,no,roseChart,73,60,3.7142455176661224,17559
1550089054724,22,male,other,no,roseChart,22,10,3.599912842187128,14354
1550089054724,22,male,other,no,barChart,46,50,2.0443941193584534,4280
1550089054724,22,male,other,no,roseChart,65,60,2.357552004618084,6548
1550089054724,22,male,other,no,barChart,63,70,2.8328900141647417,2276
1550089054724,22,male,other,no,pieChart,4,10,2.6147098441152083,7874
1550089054724,22,male,other,no,barChart,46,50,2.0443941193584534,12519
1550089054724,22,male,other,no,roseChart,76,65,3.4757334309663976,4729
1550089054724,22,male,other,no,roseChart,61,40,4.400879436282184,8467
1550089054724,22,male,other,no,roseChart,63,60,1.6438561897747248,2583
1550089054724,22,male,other,no,barChart,81,80,0.16992500144231237,3315
1550089054724,22,male,other,no,barChart,57,60,1.6438561897747248,3247
1550089054724,22,male,other,no,pieChart,97,95,1.0874628412503393,7059
1550089054724,22,male,other,no,roseChart,32,15,4.098032082960526,7166
1550089054724,22,male,other,no,pieChart,46,50,2.0443941193584534,4402
1550089054724,22,male,other,no,barChart,25,20,2.357552004618084,5671
1550089054724,22,male,other,no,pieChart,75,85,3.3398500028846247,9903
1550089054724,22,male,other,no,barChart,15,15,0,5800
1550089054724,22,male,other,no,roseChart,9,4,2.357552004618084,4823
1550089054724,22,male,other,no,pieChart,19,10,3.189824558880017,5824
1550089054724,22,male,other,no,barChart,55,60,2.357552004618084,2142
1550089054724,22,male,other,no,pieChart,36,20,4.011227255423254,5824
1550089054724,22,male,other,no,barChart,18,15,1.6438561897747248,5505
1550089054724,22,male,other,no,barChart,33,30,1.6438561897747248,3291
1550089054724,22,male,other,no,pieChart,89,100,3.4757334309663976,4011
1550089054724,22,male,other,no,barChart,67,70,1.6438561897747248,6440
1550089054724,22,male,other,no,roseChart,92,90,1.0874628412503393,9432
1550089054724,22,male,other,no,roseChart,68,60,3.0223678130284544,2921
1550089054724,22,male,other,no,roseChart,3,0,1.6438561897747248,2920
1550089054724,22,male,other,no,barChart,96,95,0.16992500144231237,3527
1550089054724,22,male,other,no,barChart,24,23,0.16992500144231237,16782
1550089054724,22,male,other,no,pieChart,85,90,2.357552004618084,3433
1550089054724,22,male,other,no,roseChart,11,5,2.6147098441152083,16316
1550089054724,22,male,other,no,pieChart,80,95,3.9188632372745946,2773
1550089054724,22,male,other,no,pieChart,83,90,2.8328900141647417,5525
1550089054724,22,male,other,no,barChart,64,60,2.0443941193584534,2808
1550089054724,22,male,other,no,roseChart,86,80,2.6147098441152083,4636
1550089054724,22,male,other,no,barChart,93,90,1.6438561897747248,2685
1550089054724,22,male,other,no,roseChart,88,78,3.3398500028846247,5252
1550089054724,22,male,other,no,pieChart,16,10,2.6147098441152083,10544
1550089054724,22,male,other,no,roseChart,23,17,2.6147098441152083,11267
1550089054724,22,male,other,no,roseChart,60,68,3.0223678130284544,4472
1550089054724,22,male,other,no,roseChart,67,66,0.16992500144231237,3926
1550089054724,22,male,other,no,barChart,70,70,0,6948
1550089054724,22,male,other,no,roseChart,6,2,2.0443941193584534,6513
1550089054724,22,male,other,no,barChart,74,70,2.0443941193584534,3851
1550089054724,22,male,other,no,barChart,6,5,0.16992500144231237,5930
1550089054724,22,male,other,no,pieChart,33,15,4.1799090900149345,12983
1550089054724,22,male,other,no,pieChart,59,80,4.400879436282184,4557
1550089054724,22,male,other,no,pieChart,11,15,2.0443941193584534,4666
1550089054724,22,male,other,no,pieChart,90,90,0,2568
1550089054724,22,male,other,no,pieChart,86,95,3.189824558880017,2806
1550089054724,22,male,other,no,pieChart,90,100,3.3398500028846247,2093
1550158081612,20,male,white,decline,barChart,14,60,5.527477006060396,14856
1550158081612,20,male,white,decline,barChart,51,50,0.16992500144231237,4265
1550158081612,20,male,white,decline,barChart,38,30,3.0223678130284544,2979
1550158081612,20,male,white,decline,roseChart,16,80,6.002815015607054,4610
1550158081612,20,male,white,decline,roseChart,62,50,3.599912842187128,4409
1550158081612,20,male,white,decline,pieChart,18,20,1.0874628412503393,3008
1550158081612,20,male,white,decline,pieChart,82,50,5.005624549193878,3073
1550158081612,20,male,white,decline,barChart,81,10,6.152284842306582,2479
1550158081612,20,male,white,decline,barChart,54,40,3.820178962415188,3511
1550158081612,20,male,white,decline,barChart,67,10,5.836050355058069,2110
1550158081612,20,male,white,decline,pieChart,0,20,4.330916878114617,7264
1550158081612,20,male,white,decline,barChart,13,80,6.0687782779854125,5235
1550158081612,20,male,white,decline,barChart,20,40,4.330916878114617,2902
1550158081612,20,male,white,decline,barChart,32,30,1.0874628412503393,2773
1550158081612,20,male,white,decline,barChart,73,20,5.731319031025064,3784
1550158081612,20,male,white,decline,pieChart,54,40,3.820178962415188,3679
1550158081612,20,male,white,decline,roseChart,74,5,6.111135670234707,3761
1550158081612,20,male,white,decline,barChart,45,40,2.357552004618084,3757
1550158081612,20,male,white,decline,barChart,88,5,6.377210530388552,2977
1550158081612,20,male,white,decline,pieChart,70,20,5.647458426454921,3787
1550158081612,20,male,white,decline,roseChart,51,40,3.4757334309663976,2400
1550158081612,20,male,white,decline,roseChart,24,70,5.527477006060396,3446
1550158081612,20,male,white,decline,roseChart,13,80,6.0687782779854125,6374
1550158081612,20,male,white,decline,roseChart,25,80,5.7846348455575205,4152
1550158081612,20,male,white,decline,roseChart,3,70,6.0687782779854125,5003
1550158081612,20,male,white,decline,barChart,93,10,6.377210530388552,3449
1550158081612,20,male,white,decline,roseChart,96,0,6.586839787961827,1956
1550158081612,20,male,white,decline,pieChart,29,60,4.960001932068081,6162
1550158081612,20,male,white,decline,barChart,50,50,0,2346
1550158081612,20,male,white,decline,roseChart,66,40,4.7073591320808825,4613
1550158081612,20,male,white,decline,barChart,67,45,4.467605550082998,3134
1550158081612,20,male,white,decline,barChart,40,50,3.3398500028846247,2926
1550158081612,20,male,white,decline,barChart,99,0,6.631177055703978,1543
1550158081612,20,male,white,decline,barChart,87,0,6.445014845868423,4795
1550158081612,20,male,white,decline,pieChart,29,40,3.4757334309663976,3843
1550158081612,20,male,white,decline,pieChart,81,0,6.342074667999139,2203
1550158081612,20,male,white,decline,barChart,59,50,3.189824558880017,4878
1550158081612,20,male,white,decline,roseChart,17,80,5.980139577639157,3016
1550158081612,20,male,white,decline,roseChart,83,40,5.430452551665532,7969
1550158081612,20,male,white,decline,pieChart,19,90,6.152284842306582,3512
1550158081612,20,male,white,decline,pieChart,31,60,4.864186144654281,2552
1550158081612,20,male,white,decline,barChart,47,50,1.6438561897747248,2329
1550158081612,20,male,white,decline,roseChart,27,80,5.731319031025064,2858
1550158081612,20,male,white,decline,pieChart,25,60,5.134426320220926,2875
1550158081612,20,male,white,decline,roseChart,56,50,2.6147098441152083,3204
1550158081612,20,male,white,decline,roseChart,32,60,4.813781191217037,4527
1550158081612,20,male,white,decline,pieChart,72,10,5.957102041562286,4430
1550158081612,20,male,white,decline,pieChart,79,0,6.306061689428342,2400
1550158081612,20,male,white,decline,roseChart,89,0,6.477758266443888,1881
1550158081612,20,male,white,decline,roseChart,86,20,6.047123912114026,2541
1550158081612,20,male,white,decline,pieChart,5,90,6.411510988012071,9252
1550158081612,20,male,white,decline,roseChart,61,40,4.400879436282184,2642
1550158081612,20,male,white,decline,pieChart,90,0,6.493855449240822,1602
1550158081612,20,male,white,decline,pieChart,83,10,6.1922928144707665,2735
1550158081612,20,male,white,decline,pieChart,11,30,4.257387842692652,2624
1550158081612,20,male,white,decline,pieChart,81,0,6.342074667999139,2015
1550158081612,20,male,white,decline,roseChart,47,50,1.6438561897747248,2703
1550158081612,20,male,white,decline,roseChart,47,80,5.049848549450561,4196
1550158081612,20,male,white,decline,pieChart,32,20,3.599912842187128,2531
<<<<<<< HEAD
1550158081612,20,male,white,decline,pieChart,18,60,5.396604781181859,2813
1550191126771,12,female,indian,decline,barChart,40,2,5.252665432450248,1123
1550191126771,12,female,indian,decline,barChart,28,2,4.7073591320808825,170
1550191126771,12,female,indian,decline,barChart,86,2,6.394462694610317,197
1550191126771,12,female,indian,decline,roseChart,11,2,3.189824558880017,186
1550191126771,12,female,indian,decline,roseChart,10,2,3.0223678130284544,237
1550191126771,12,female,indian,decline,barChart,32,2,4.912889336229962,225
1550191126771,12,female,indian,decline,roseChart,54,2,5.703903573444664,1335
1550191126771,12,female,indian,decline,barChart,1,2,0.16992500144231237,233
1550191126771,12,female,indian,decline,pieChart,5,2,1.6438561897747248,132
1550191126771,12,female,indian,decline,roseChart,98,2,6.586839787961827,205
1550191126771,12,female,indian,decline,pieChart,61,2,5.885696373339395,177
1550191126771,12,female,indian,decline,barChart,24,2,4.467605550082998,149
1550191126771,12,female,indian,decline,pieChart,53,2,5.675957032941749,193
1550191126771,12,female,indian,decline,pieChart,35,2,5.049848549450561,168
1550191126771,12,female,indian,decline,barChart,28,2,4.7073591320808825,187
1550191126771,12,female,indian,decline,pieChart,38,2,5.174925682500679,135
1550191126771,12,female,indian,decline,roseChart,48,2,5.527477006060396,195
1550191126771,12,female,indian,decline,pieChart,81,2,6.306061689428342,178
1550191126771,12,female,indian,decline,roseChart,11,2,3.189824558880017,179
1550191126771,12,female,indian,decline,barChart,43,2,5.361943773735241,209
1550191126771,12,female,indian,decline,pieChart,21,2,4.257387842692652,497
1550191126771,12,female,indian,decline,roseChart,65,2,5.980139577639157,170
1550191126771,12,female,indian,decline,barChart,7,2,2.357552004618084,167
1550191126771,12,female,indian,decline,pieChart,44,2,5.396604781181859,199
1550191126771,12,female,indian,decline,roseChart,38,2,5.174925682500679,179
1550191126771,12,female,indian,decline,pieChart,50,2,5.588714635582264,162
1550191126771,12,female,indian,decline,pieChart,33,2,4.960001932068081,194
1550191126771,12,female,indian,decline,pieChart,10,2,3.0223678130284544,254
1550191126771,12,female,indian,decline,pieChart,5,2,1.6438561897747248,156
1550191126771,12,female,indian,decline,pieChart,80,2,6.28771237954945,186
1550191126771,12,female,indian,decline,pieChart,31,2,4.864186144654281,213
1550191126771,12,female,indian,decline,roseChart,25,2,4.531381460516312,194
1550191126771,12,female,indian,decline,pieChart,6,2,2.0443941193584534,203
1550191126771,12,female,indian,decline,pieChart,46,2,5.463524373271181,155
1550191126771,12,female,indian,decline,barChart,80,2,6.28771237954945,186
1550191126771,12,female,indian,decline,roseChart,33,2,4.960001932068081,173
1550191126771,12,female,indian,decline,barChart,24,2,4.467605550082998,697
1550191126771,12,female,indian,decline,barChart,72,2,6.1318569606087925,204
1550191126771,12,female,indian,decline,roseChart,0,2,1.0874628412503393,136
1550191126771,12,female,indian,decline,pieChart,74,2,6.172427508645482,174
1550191126771,12,female,indian,decline,pieChart,19,2,4.098032082960526,142
1550191126771,12,female,indian,decline,roseChart,59,2,5.836050355058069,153
1550191126771,12,female,indian,decline,roseChart,56,2,5.7582232147267245,158
1550191126771,12,female,indian,decline,roseChart,98,2,6.586839787961827,440
1550191126771,12,female,indian,decline,roseChart,44,2,5.396604781181859,157
1550191126771,12,female,indian,decline,pieChart,70,2,6.090112419664289,155
1550191126771,12,female,indian,decline,pieChart,25,2,4.531381460516312,128
1550191126771,12,female,indian,decline,roseChart,36,2,5.092757140919852,169
1550191126771,12,female,indian,decline,roseChart,50,2,5.588714635582264,145
1550191126771,12,female,indian,decline,roseChart,56,2,5.7582232147267245,174
1550191126771,12,female,indian,decline,barChart,41,2,5.290018846932618,172
1550191126771,12,female,indian,decline,roseChart,98,2,6.586839787961827,151
1550191126771,12,female,indian,decline,barChart,12,2,3.3398500028846247,128
1550191126771,12,female,indian,decline,roseChart,87,2,6.411510988012071,176
1550191126771,12,female,indian,decline,barChart,50,2,5.588714635582264,478
1550191126771,12,female,indian,decline,barChart,78,2,6.250298417906333,156
1550191126771,12,female,indian,decline,barChart,76,2,6.211888294546004,161
1550191126771,12,female,indian,decline,barChart,93,2,6.509775004326937,187
1550191126771,12,female,indian,decline,barChart,15,2,3.7142455176661224,169
1550191126771,12,female,indian,decline,barChart,40,22,4.1799090900149345,533
=======
1550158081612,20,male,white,decline,pieChart,18,60,5.396604781181859,2813
>>>>>>> 1d70934fa648b193708c8d8df662bbc13b313c93
